actorid,tag,tfweight,tfidfweight
88481,geeks,0.5,4.34555450943
135820,geeks,0.5,4.34555450943
171770,geeks,0.5,4.34555450943
177901,geeks,0.5,4.34555450943
177901,courtroom drama,0.049155194467,0.411819817208
177901,based on a book,0.0433310113597,0.213751305903
177901,courtroom,0.0378974879355,0.273911995605
177901,boring,0.0350409388343,0.175232499787
177901,overrated,0.0345753674034,0.163683072006
177901,serial killer,0.0195134450331,0.131213787827
177901,surprise ending,0.0100032723839,0.0973868896863
177901,mindfuck,0.00526935792592,0.0408207592079
177901,unintentionally funny,0.00470173273319,0.0504754665123
177901,thriller,0.00465247242869,0.0316865503979
177901,claustrophobic,0.0044746319253,0.0480374250764
177901,gothic,0.00393449946689,0.0279878704215
177901,gory,0.00384198853669,0.0412456799926
177901,horror,0.0038292667624,0.0284580475356
177901,great movie,0.00339389364073,0.0234482572539
177901,interesting,0.00305210582981,0.0187606490235
178740,geeks,0.5,4.34555450943
226291,geeks,0.5,4.34555450943
254211,capitalism,1.0,8.8775221431
254211,geeks,0.5,4.34555450943
272055,geeks,0.5,4.34555450943
272055,revenge,0.302575416928,1.87135523206
272055,true story,0.197424583072,1.0164727153
272055,parody,0.0550441253827,0.316016564003
272055,stupid,0.0223562006834,0.148154065327
272055,not funny,0.0140200593858,0.0772715778304
272055,comedy,0.00992902096547,0.0468520201007
272055,horror,0.00976170469373,0.0284580475356
473272,geeks,0.5,4.34555450943
489685,geeks,0.5,4.34555450943
495390,geeks,0.5,4.34555450943
537812,geeks,0.5,4.34555450943
571000,based on a book,1.0,0.213751305903
571000,geeks,0.5,4.34555450943
629873,geeks,0.5,4.34555450943
698041,geeks,0.5,4.34555450943
735794,fun movie,1.0,7.09887851768
735794,capitalism,1.0,8.8775221431
735794,geeks,0.5,4.34555450943
735794,silly,0.292463390501,2.59635022522
735794,nudity (topless),0.207536609499,0.94622788753
855628,geeks,0.5,4.34555450943
912318,geeks,0.5,4.34555450943
912638,geeks,0.5,4.34555450943
955924,based on a book,1.0,0.213751305903
955924,geeks,0.5,4.34555450943
1009561,geeks,0.5,4.34555450943
1025554,geeks,0.5,4.34555450943
1166002,espionage,1.0,7.44088238934
1166002,geeks,0.5,4.34555450943
1166002,revenge,0.302575416928,1.87135523206
1166002,alien invasion,0.253959937597,2.1753136891
1166002,inspirational,0.246040062403,2.25139958947
1166002,true story,0.197424583072,1.0164727153
1166002,violent,0.0824377830067,0.50337718167
1166002,slapstick,0.0362021909861,0.337014825895
1166002,gore,0.0270913688702,0.252200010948
1166002,hilarious,0.0209353238037,0.12988529624
1260743,funny,1.0,4.58321829592
1260743,geeks,0.5,4.34555450943
1366734,geeks,0.5,4.34555450943
1487520,geeks,0.5,4.34555450943
1487520,parody,0.2,0.316016564003
1493927,geeks,0.5,4.34555450943
1500699,geeks,0.5,4.34555450943
1647702,espionage,1.0,7.44088238934
1647702,geeks,0.5,4.34555450943
1712337,geeks,0.5,4.34555450943
1731498,geeks,0.5,4.34555450943
1747283,fun movie,1.0,7.09887851768
1747283,geeks,0.5,4.34555450943
1779477,geeks,0.5,4.34555450943
1793283,geeks,0.5,4.34555450943
1793283,nudity (topless - notable),0.134597486631,0.717739901515
1793283,adolescence,0.115402513369,0.86408504614
1793283,dark,0.0410547287909,0.270168239131
1793283,period piece,0.0363276536126,0.298893344342
1793283,atmospheric,0.035909404734,0.233306936002
1793283,adultery,0.0271490912198,0.239688807264
1793283,witty,0.0262257883093,0.204377270183
1870887,geeks,0.5,4.34555450943
1929540,dramatic,1.0,8.04900261104
1929540,geeks,0.5,4.34555450943
1929540,directorial debut,0.13667015156,0.796187009072
1929540,quirky,0.10019219065,0.522392333197
1929540,nudity (full frontal),0.0964709911236,0.732788997306
1929540,drama,0.00545197090125,0.0269919898675
1929540,very good,0.00301101046138,0.0172866618112
1929540,oscar (best actor),0.0028221013825,0.0233559128771
1929540,based on a book,0.00267141633637,0.213751305903
1929540,thriller,0.00219078674599,0.0316865503979
1929540,kidnapping,0.00187928739532,0.0162521531243
1929540,mystery,0.0018221105186,0.0145415636954
1929540,based on book,0.00110695236383,0.00969493589046
1929540,great movie,0.00110338967239,0.0234482572539
1929540,brutality,0.00109328614354,0.00993977163066
1929540,family,0.00109134424033,0.00712216683145
1929540,excellent,0.00109064429582,0.00749416268383
1929540,crime,0.00108916923558,0.00606732201744
1929540,humanity,0.00108773813687,0.00988933111281
1929540,dark hero,0.00108596120236,0.00987317585159
1929540,oscar,0.00108531468166,0.00986729791364
1929540,imdb top 250,0.000976465568028,0.00556788491962
1929540,nudity (full frontal - brief),0.000879313047106,0.00701745945273
1929540,exceptional acting,0.000719802187201,0.00595713438123
1937450,geeks,0.5,4.34555450943
1969807,geeks,0.5,4.34555450943
1981311,nudity (topless),1.0,0.94622788753
1981311,submarine,0.5,4.28278906839
1981311,geeks,0.5,4.34555450943
1998808,geeks,0.5,4.34555450943
1998808,vampires,0.0426864518481,0.322947686839
1998808,vampire,0.033583518097,0.238405315167
1998808,marvel,0.0259520578667,0.188405963542
1998808,sequel,0.0237043999722,0.13663120341
1998808,gothic,0.016930715073,0.0279878704215
2035515,cross dressing,1.0,8.10614651815
2035515,geeks,0.5,4.34555450943
2120846,geeks,0.5,4.34555450943
2195389,james bond,1.0,8.27607151959
2195389,geeks,0.5,4.34555450943
2203413,geeks,0.5,4.34555450943
2319279,geeks,0.5,4.34555450943
2322920,geeks,0.5,4.34555450943
2415938,geeks,0.5,4.34555450943
2494417,geeks,0.5,4.34555450943
2501049,geeks,0.5,4.34555450943
2501049,court,0.278369965771,2.48532831334
2501049,terrorism,0.221630034229,1.70946244613
2525094,geeks,0.5,4.34555450943
2805709,mystery,1.0,0.0145415636954
2805709,history,1.0,5.73832365729
2805709,capitalism,1.0,8.8775221431
2805709,geeks,0.5,4.34555450943
2855107,geeks,0.5,4.34555450943
2870627,geeks,0.5,4.34555450943
2961547,british comedy,1.0,7.81663990095
2961547,geeks,0.5,4.34555450943
3049921,geeks,0.5,4.34555450943
3049921,dc comics,0.151035969287,1.40602984258
3049921,super-hero,0.0989640307128,0.666015911379
3049921,philip k. dick,0.0879513139554,0.660222760626
3049921,violent,0.0824377830067,0.50337718167
3049921,slapstick,0.0362021909861,0.337014825895
3049921,gore,0.0270913688702,0.252200010948
3049921,revenge,0.0214211506636,1.87135523206
3049921,hilarious,0.0209353238037,0.12988529624
3049921,based on a book,0.0156275353811,0.213751305903
3217671,capitalism,1.0,8.8775221431
3217671,geeks,0.5,4.34555450943
3376098,geeks,0.5,4.34555450943
3377577,geeks,0.5,4.34555450943
3468495,geeks,0.5,4.34555450943
3540477,geeks,0.5,4.34555450943
3613629,based on a book,1.0,0.213751305903
3613629,geeks,0.5,4.34555450943
3613629,slasher,0.267816453472,2.29940672731
3613629,franchise,0.232183546528,1.51186350314
3675012,geeks,0.5,4.34555450943
3788872,capitalism,1.0,8.8775221431
3788872,based on a book,1.0,0.213751305903
3788872,geeks,0.5,4.34555450943
3867571,geeks,0.5,4.34555450943
3908437,geeks,0.5,4.34555450943
3938327,geeks,0.5,4.34555450943
278746,fun movie,1.0,7.09887851768
278746,comic book,0.00767907598715,0.0449211106577
278746,superhero,0.00650507607677,0.0450681312173
278746,super-hero,0.0043431622685,0.666015911379
278746,big budget,0.0010849812529,0.00779950565041
278746,comic book adaption,0.00101930369714,0.00869063405518
278746,violence,0.00101353368058,0.00644654419102
278746,new york,0.000990945576675,0.00676083896845
278746,alter ego,0.000962893844787,0.00751516094946
278746,new york city,0.000826109847113,0.00540744953043
278746,dynamic cgi action,0.000752938413941,0.00480884822664
278746,super hero,0.000690186093471,0.00538674081842
278746,very good,0.00068968892761,0.0172866618112
278746,marvel,0.000673599439943,0.188405963542
278746,amazing cinematography,0.000673297635262,0.00504136696201
278746,sequel,0.000666635829596,0.13663120341
357454,directorial debut,0.138692972071,0.796187009072
357454,biographical,0.113943013013,0.816475469745
357454,television,0.0806973482499,0.6834029725
448814,court,0.278369965771,2.48532831334
448814,terrorism,0.221630034229,1.70946244613
779260,based on a book,0.0566114246944,0.213751305903
779260,nudity (topless - brief),0.0402441316784,0.24055044032
779260,depressing,0.0355982705989,0.250683597564
779260,heartbreaking,0.0346218725066,0.311859379266
779260,overrated,0.0329243005217,0.163683072006
805489,pg-13,0.122810034581,0.631159254176
805489,funny,0.10641082555,4.58321829592
805489,psychology,0.104112473202,0.59625989209
877083,parody,0.314795438408,0.316016564003
877083,humor,0.240248686974,2.22077478541
877083,stupid,0.0223562006834,0.148154065327
877083,not funny,0.0140200593858,0.0772715778304
877083,comedy,0.00992902096547,0.0468520201007
877083,horror,0.00976170469373,0.0284580475356
884311,courtroom drama,0.049155194467,0.411819817208
884311,based on a book,0.0433310113597,0.213751305903
884311,courtroom,0.0378974879355,0.273911995605
884311,boring,0.0350409388343,0.175232499787
884311,overrated,0.0345753674034,0.163683072006
946135,comedy,1.0,0.0468520201007
980651,coen bros,0.170204744907,1.58447654435
980651,black comedy,0.0797952550927,0.587330079091
1119764,fun movie,1.0,7.09887851768
1119764,motorcycle,1.0,7.7242758828
1119764,college,0.271569590175,1.91050928985
1119764,music,0.228430409825,1.86183133812
1119764,courtroom drama,0.049155194467,0.411819817208
1119764,based on a book,0.0433310113597,0.213751305903
1119764,courtroom,0.0378974879355,0.273911995605
1119764,boring,0.0350409388343,0.175232499787
1119764,overrated,0.0345753674034,0.163683072006
1578792,fun movie,1.0,7.09887851768
1946879,espionage,2.0,7.44088238934
1946879,hilarious,0.225061841133,0.12988529624
1946879,vietnam war,0.127965189773,1.13285792131
1946879,mummy,0.1082714922,1.02317652798
1946879,history,0.0194868015555,5.73832365729
1946879,war movie,0.0192146753378,0.153344938443
2078204,remake,0.00611674694343,0.0357074747845
2078204,sci-fi,0.00503290109428,0.028112557579
2078204,thriller,0.00483322795273,0.0316865503979
2078204,mindfuck,0.00464295180088,0.0408207592079
2078204,nudity (topless),0.00321956464979,0.94622788753
2078204,psychology,0.00308005192388,0.59625989209
2078204,surreal,0.00274389253456,0.0168049103977
2078204,boring,0.00120876604659,0.175232499787
2078204,comedy,0.0012059696447,0.0468520201007
2078204,fantasy,0.00120259610151,0.00775131428108
2078204,weird,0.00119608992833,0.00768203131428
2648887,very funny,1.0,6.62176097218
63934,hip hop,0.143723463321,0.958551270896
63934,ballet,0.0963521937302,0.831228321221
63934,romance,0.093257676282,0.428846545913
125864,hip hop,0.143723463321,0.958551270896
125864,ballet,0.0963521937302,0.831228321221
125864,romance,0.093257676282,0.428846545913
750473,hip hop,0.143723463321,0.958551270896
750473,ballet,0.0963521937302,0.831228321221
750473,romance,0.093257676282,0.428846545913
867640,serial killer,0.240182436907,0.131213787827
867640,hip hop,0.143723463321,0.958551270896
867640,ballet,0.0963521937302,0.831228321221
867640,romance,0.093257676282,0.428846545913
867640,gay,0.0931508964264,0.696593143359
870727,basketball,0.285760680319,2.50275582422
870727,funny,0.214239319681,4.58321829592
870727,hip hop,0.143723463321,0.958551270896
870727,ballet,0.0963521937302,0.831228321221
870727,romance,0.093257676282,0.428846545913
980014,hip hop,0.143723463321,0.958551270896
980014,ballet,0.0963521937302,0.831228321221
980014,romance,0.093257676282,0.428846545913
1198554,hip hop,0.143723463321,0.958551270896
1198554,ballet,0.0963521937302,0.831228321221
1198554,romance,0.093257676282,0.428846545913
1203901,hip hop,0.143723463321,0.958551270896
1203901,ballet,0.0963521937302,0.831228321221
1203901,romance,0.093257676282,0.428846545913
1323767,hip hop,0.143723463321,0.958551270896
1323767,ballet,0.0963521937302,0.831228321221
1323767,romance,0.093257676282,0.428846545913
1351261,hip hop,0.143723463321,0.958551270896
1351261,ballet,0.0963521937302,0.831228321221
1351261,romance,0.093257676282,0.428846545913
1420783,hip hop,0.143723463321,0.958551270896
1420783,ballet,0.0963521937302,0.831228321221
1420783,romance,0.093257676282,0.428846545913
1502924,hip hop,0.143723463321,0.958551270896
1502924,ballet,0.0963521937302,0.831228321221
1502924,romance,0.093257676282,0.428846545913
1681767,hip hop,0.143723463321,0.958551270896
1681767,ballet,0.0963521937302,0.831228321221
1681767,romance,0.093257676282,0.428846545913
1757943,hip hop,0.143723463321,0.958551270896
1757943,ballet,0.0963521937302,0.831228321221
1757943,romance,0.093257676282,0.428846545913
1883624,hip hop,0.143723463321,0.958551270896
1883624,ballet,0.0963521937302,0.831228321221
1883624,romance,0.093257676282,0.428846545913
1894771,hip hop,0.143723463321,0.958551270896
1894771,ballet,0.0963521937302,0.831228321221
1894771,romance,0.093257676282,0.428846545913
1933284,hip hop,0.143723463321,0.958551270896
1933284,ballet,0.0963521937302,0.831228321221
1933284,romance,0.093257676282,0.428846545913
1968308,hip hop,0.143723463321,0.958551270896
1968308,ballet,0.0963521937302,0.831228321221
1968308,romance,0.093257676282,0.428846545913
1975945,hip hop,0.143723463321,0.958551270896
1975945,ballet,0.0963521937302,0.831228321221
1975945,romance,0.093257676282,0.428846545913
2117108,hip hop,0.143723463321,0.958551270896
2117108,ballet,0.0963521937302,0.831228321221
2117108,romance,0.093257676282,0.428846545913
2182364,motorcycle,0.5,7.7242758828
2182364,hip hop,0.143723463321,0.958551270896
2182364,ballet,0.0963521937302,0.831228321221
2182364,romance,0.093257676282,0.428846545913
2195602,very funny,1.0,6.62176097218
2195602,hip hop,0.143723463321,0.958551270896
2195602,ballet,0.0963521937302,0.831228321221
2195602,romance,0.093257676282,0.428846545913
2239061,hip hop,0.429649277367,0.958551270896
2239061,dance,0.214074185954,1.52280630039
2239061,ballet,0.0963521937302,0.831228321221
2239061,romance,0.093257676282,0.428846545913
2244202,hip hop,0.429649277367,0.958551270896
2244202,dance,0.214074185954,1.52280630039
2244202,ballet,0.0963521937302,0.831228321221
2244202,romance,0.093257676282,0.428846545913
2244203,hip hop,0.429649277367,0.958551270896
2244203,dance,0.214074185954,1.52280630039
2244203,ballet,0.0963521937302,0.831228321221
2244203,romance,0.093257676282,0.428846545913
2278576,very funny,1.0,6.62176097218
2278576,basketball,0.285760680319,2.50275582422
2278576,slasher,0.267815456909,2.29940672731
2278576,franchise,0.232184543091,1.51186350314
2278576,funny,0.214239319681,4.58321829592
2278576,hip hop,0.143723463321,0.958551270896
2278576,ballet,0.0963521937302,0.831228321221
2278576,romance,0.093257676282,0.428846545913
2420659,hip hop,0.143723463321,0.958551270896
2420659,ballet,0.0963521937302,0.831228321221
2420659,romance,0.093257676282,0.428846545913
2457849,hip hop,0.429649277367,0.958551270896
2457849,dance,0.214074185954,1.52280630039
2457849,ballet,0.0963521937302,0.831228321221
2457849,romance,0.093257676282,0.428846545913
2459699,hip hop,0.143723463321,0.958551270896
2459699,oscar (best actor),0.117640916109,0.0233559128771
2459699,ballet,0.0963521937302,0.831228321221
2459699,romance,0.093257676282,0.428846545913
2459699,nudity (topless - brief),0.0254684848275,0.24055044032
2459699,notable nudity,0.0235572657299,0.186163957324
2502598,hip hop,0.143723463321,0.958551270896
2502598,ballet,0.0963521937302,0.831228321221
2502598,romance,0.093257676282,0.428846545913
2595413,hip hop,0.143723463321,0.958551270896
2595413,ballet,0.0963521937302,0.831228321221
2595413,romance,0.093257676282,0.428846545913
2714407,hip hop,0.143723463321,0.958551270896
2714407,ballet,0.0963521937302,0.831228321221
2714407,romance,0.093257676282,0.428846545913
2718282,hip hop,0.143723463321,0.958551270896
2718282,ballet,0.0963521937302,0.831228321221
2718282,romance,0.093257676282,0.428846545913
2845350,very funny,1.0,6.62176097218
2845350,hip hop,0.143723463321,0.958551270896
2845350,ballet,0.0963521937302,0.831228321221
2845350,romance,0.093257676282,0.428846545913
2846044,hip hop,0.143723463321,0.958551270896
2846044,ballet,0.0963521937302,0.831228321221
2846044,romance,0.093257676282,0.428846545913
2883038,hip hop,0.143723463321,0.958551270896
2883038,ballet,0.0963521937302,0.831228321221
2883038,romance,0.093257676282,0.428846545913
2896508,hip hop,0.143723463321,0.958551270896
2896508,ballet,0.0963521937302,0.831228321221
2896508,romance,0.093257676282,0.428846545913
2906953,hip hop,0.143723463321,0.958551270896
2906953,ballet,0.0963521937302,0.831228321221
2906953,romance,0.093257676282,0.428846545913
2947810,hip hop,0.143723463321,0.958551270896
2947810,ballet,0.0963521937302,0.831228321221
2947810,romance,0.093257676282,0.428846545913
3020410,hip hop,0.143723463321,0.958551270896
3020410,ballet,0.0963521937302,0.831228321221
3020410,romance,0.093257676282,0.428846545913
3032277,hip hop,0.143723463321,0.958551270896
3032277,ballet,0.0963521937302,0.831228321221
3032277,romance,0.093257676282,0.428846545913
3058658,hip hop,0.143723463321,0.958551270896
3058658,ballet,0.0963521937302,0.831228321221
3058658,romance,0.093257676282,0.428846545913
3116657,hip hop,0.143723463321,0.958551270896
3116657,ballet,0.0963521937302,0.831228321221
3116657,romance,0.093257676282,0.428846545913
3164895,hip hop,0.143723463321,0.958551270896
3164895,ballet,0.0963521937302,0.831228321221
3164895,romance,0.093257676282,0.428846545913
3184177,hip hop,0.143723463321,0.958551270896
3184177,ballet,0.0963521937302,0.831228321221
3184177,romance,0.093257676282,0.428846545913
3192950,hip hop,0.143723463321,0.958551270896
3192950,ballet,0.0963521937302,0.831228321221
3192950,romance,0.093257676282,0.428846545913
3262831,hip hop,0.143723463321,0.958551270896
3262831,ballet,0.0963521937302,0.831228321221
3262831,romance,0.093257676282,0.428846545913
3280503,hip hop,0.143723463321,0.958551270896
3280503,ballet,0.0963521937302,0.831228321221
3280503,romance,0.093257676282,0.428846545913
3352433,hip hop,0.143723463321,0.958551270896
3352433,ballet,0.0963521937302,0.831228321221
3352433,romance,0.093257676282,0.428846545913
3489326,hip hop,0.143723463321,0.958551270896
3489326,ballet,0.0963521937302,0.831228321221
3489326,romance,0.093257676282,0.428846545913
3491220,hip hop,0.143723463321,0.958551270896
3491220,ballet,0.0963521937302,0.831228321221
3491220,romance,0.093257676282,0.428846545913
3496027,hip hop,0.143723463321,0.958551270896
3496027,ballet,0.0963521937302,0.831228321221
3496027,romance,0.093257676282,0.428846545913
3523339,hip hop,0.143723463321,0.958551270896
3523339,ballet,0.0963521937302,0.831228321221
3523339,romance,0.093257676282,0.428846545913
3525909,hip hop,0.143723463321,0.958551270896
3525909,ballet,0.0963521937302,0.831228321221
3525909,romance,0.093257676282,0.428846545913
3548218,hip hop,0.143723463321,0.958551270896
3548218,ballet,0.0963521937302,0.831228321221
3548218,romance,0.093257676282,0.428846545913
3565624,hip hop,0.143723463321,0.958551270896
3565624,ballet,0.0963521937302,0.831228321221
3565624,romance,0.093257676282,0.428846545913
3570943,hip hop,0.143723463321,0.958551270896
3570943,ballet,0.0963521937302,0.831228321221
3570943,romance,0.093257676282,0.428846545913
3622146,hip hop,0.143723463321,0.958551270896
3622146,ballet,0.0963521937302,0.831228321221
3622146,romance,0.093257676282,0.428846545913
3709747,hip hop,0.143723463321,0.958551270896
3709747,ballet,0.0963521937302,0.831228321221
3709747,romance,0.093257676282,0.428846545913
3731011,hip hop,0.143723463321,0.958551270896
3731011,ballet,0.0963521937302,0.831228321221
3731011,romance,0.093257676282,0.428846545913
3764560,hip hop,0.143723463321,0.958551270896
3764560,ballet,0.0963521937302,0.831228321221
3764560,romance,0.093257676282,0.428846545913
3764560,good romantic comedies,0.0526804320485,0.321674436727
3764560,sentimental,0.0489747293493,0.386411255512
3764560,school,0.0332848253665,0.243848365262
3764560,idiotic,0.03277240685,0.237920126483
3764560,touching,0.0322876063857,0.213632951598
3817633,hip hop,0.143723463321,0.958551270896
3817633,ballet,0.0963521937302,0.831228321221
3817633,romance,0.093257676282,0.428846545913
3890985,nudity,1.0,8.19634432712
3890985,boxing,0.269673322496,2.10473712477
3890985,dumb but funny,0.230326677504,1.69133156813
3890985,hip hop,0.143723463321,0.958551270896
3890985,ballet,0.0963521937302,0.831228321221
3890985,romance,0.093257676282,0.428846545913
3897443,hip hop,0.143723463321,0.958551270896
3897443,ballet,0.0963521937302,0.831228321221
3897443,romance,0.093257676282,0.428846545913
3902532,hip hop,0.143723463321,0.958551270896
3902532,ballet,0.0963521937302,0.831228321221
3902532,romance,0.093257676282,0.428846545913
3906822,hip hop,0.143723463321,0.958551270896
3906822,ballet,0.0963521937302,0.831228321221
3906822,romance,0.093257676282,0.428846545913
3911606,hip hop,0.143723463321,0.958551270896
3911606,ballet,0.0963521937302,0.831228321221
3911606,romance,0.093257676282,0.428846545913
3929641,hip hop,0.143723463321,0.958551270896
3929641,ballet,0.0963521937302,0.831228321221
3929641,romance,0.093257676282,0.428846545913
3949273,hip hop,0.143723463321,0.958551270896
3949273,ballet,0.0963521937302,0.831228321221
3949273,romance,0.093257676282,0.428846545913
175296,crime,0.262353108061,0.00606732201744
175296,cheerleading,0.237646891939,1.95154229873
292772,crime,0.262353108061,0.00606732201744
292772,cheerleading,0.237646891939,1.95154229873
292772,remake,0.00611674694343,0.0357074747845
292772,sci-fi,0.00503290109428,0.028112557579
292772,thriller,0.00483322795273,0.0316865503979
292772,mindfuck,0.00464295180088,0.0408207592079
292772,nudity (topless),0.00321956464979,0.94622788753
292772,psychology,0.00308005192388,0.59625989209
292772,surreal,0.00274389253456,0.0168049103977
292772,boring,0.00120876604659,0.175232499787
292772,comedy,0.0012059696447,0.0468520201007
292772,fantasy,0.00120259610151,0.00775131428108
292772,weird,0.00119608992833,0.00768203131428
316374,crime,0.262353108061,0.00606732201744
316374,cheerleading,0.237646891939,1.95154229873
564976,crime,0.262353108061,0.00606732201744
564976,cheerleading,0.237646891939,1.95154229873
890917,crime,0.262353108061,0.00606732201744
890917,cheerleading,0.237646891939,1.95154229873
905246,crime,0.262353108061,0.00606732201744
905246,cheerleading,0.237646891939,1.95154229873
934138,crime,0.262353108061,0.00606732201744
934138,cheerleading,0.237646891939,1.95154229873
1001850,crime,0.262353108061,0.00606732201744
1001850,cheerleading,0.237646891939,1.95154229873
1001850,existentialism,0.0761776911999,0.688270271187
1001850,whimsical,0.0197074017118,0.144546375699
1001850,philosophy,0.0152260181994,0.118126847863
1015186,crime,0.262353108061,0.00606732201744
1015186,cheerleading,0.237646891939,1.95154229873
1029138,crime,0.262353108061,0.00606732201744
1029138,cheerleading,0.237646891939,1.95154229873
1071443,crime,0.262353108061,0.00606732201744
1071443,cheerleading,0.237646891939,1.95154229873
1206688,crime,0.262353108061,0.00606732201744
1206688,cheerleading,0.237646891939,1.95154229873
1208612,crime,0.262353108061,0.00606732201744
1208612,cheerleading,0.237646891939,1.95154229873
1351863,crime,0.262353108061,0.00606732201744
1351863,cheerleading,0.237646891939,1.95154229873
1403023,crime,0.262353108061,0.00606732201744
1403023,cheerleading,0.237646891939,1.95154229873
1437659,crime,0.262353108061,0.00606732201744
1437659,cheerleading,0.237646891939,1.95154229873
1437659,goofy,0.0197657044947,0.160223696668
1437659,farce,0.0152413839483,0.123548891424
1437659,stupid,0.0137044622234,0.148154065327
1437659,spoof,0.0136062294393,0.0898157657324
1437659,pg-13,0.0113327658508,0.631159254176
1437659,not funny,0.0103652270799,0.0772715778304
1437659,quirky,0.00892086798139,0.522392333197
1437659,funny as hell,0.00706335898218,0.0424097077443
1661099,crime,0.262353108061,0.00606732201744
1661099,cheerleading,0.237646891939,1.95154229873
1855859,crime,0.262353108061,0.00606732201744
1855859,cheerleading,0.237646891939,1.95154229873
1900838,crime,0.262353108061,0.00606732201744
1900838,cheerleading,0.237646891939,1.95154229873
2172638,crime,0.262353108061,0.00606732201744
2172638,cheerleading,0.237646891939,1.95154229873
2658306,crime,0.262353108061,0.00606732201744
2658306,cheerleading,0.237646891939,1.95154229873
2679341,crime,0.262353108061,0.00606732201744
2679341,cheerleading,0.237646891939,1.95154229873
2964968,crime,0.262353108061,0.00606732201744
2964968,cheerleading,0.237646891939,1.95154229873
2969046,crime,0.262353108061,0.00606732201744
2969046,cheerleading,0.237646891939,1.95154229873
2973503,crime,0.262353108061,0.00606732201744
2973503,cheerleading,0.237646891939,1.95154229873
2977442,crime,0.262353108061,0.00606732201744
2977442,cheerleading,0.237646891939,1.95154229873
2998754,colourful,1.0,9.41357504334
2998754,crime,0.262353108061,0.00606732201744
2998754,cheerleading,0.237646891939,1.95154229873
3042900,crime,0.262353108061,0.00606732201744
3042900,cheerleading,0.237646891939,1.95154229873
3103703,crime,0.262353108061,0.00606732201744
3103703,cheerleading,0.237646891939,1.95154229873
3193443,crime,0.262353108061,0.00606732201744
3193443,cheerleading,0.237646891939,1.95154229873
3194266,crime,0.262353108061,0.00606732201744
3194266,cheerleading,0.237646891939,1.95154229873
3207215,crime,0.262353108061,0.00606732201744
3207215,cheerleading,0.237646891939,1.95154229873
3350366,crime,0.262353108061,0.00606732201744
3350366,cheerleading,0.237646891939,1.95154229873
3447419,crime,0.262353108061,0.00606732201744
3447419,cheerleading,0.237646891939,1.95154229873
3485788,crime,0.262353108061,0.00606732201744
3485788,cheerleading,0.237646891939,1.95154229873
3485788,coen bros,0.170204744907,1.58447654435
3485788,black comedy,0.0797952550927,0.587330079091
3573703,crime,0.262353108061,0.00606732201744
3573703,cheerleading,0.237646891939,1.95154229873
3683597,crime,0.262353108061,0.00606732201744
3683597,cheerleading,0.237646891939,1.95154229873
3707212,crime,0.262353108061,0.00606732201744
3707212,cheerleading,0.237646891939,1.95154229873
3737091,crime,0.262353108061,0.00606732201744
3737091,cheerleading,0.237646891939,1.95154229873
3739418,crime,0.262353108061,0.00606732201744
3739418,cheerleading,0.237646891939,1.95154229873
3779767,nudity (full frontal - notable),0.5,3.17589942288
3779767,crime,0.262353108061,0.00606732201744
3779767,cheerleading,0.237646891939,1.95154229873
3779767,teen,0.0571191443704,0.333788254068
3779767,funny,0.0378810179942,4.58321829592
3779767,not funny,0.0260267076484,0.0772715778304
3779767,nudity (topless),0.0218302728442,0.94622788753
3911324,crime,0.262353108061,0.00606732201744
3911324,cheerleading,0.237646891939,1.95154229873
3943267,crime,0.262353108061,0.00606732201744
3943267,cheerleading,0.237646891939,1.95154229873
216491,kidnapping,1.0,0.0162521531243
216491,based on a tv show,1.0,6.30505058656
270379,remake,0.118350679048,0.0357074747845
270379,detective,0.0678402937926,0.684620293834
270379,thought-provoking,0.0638090271597,0.479609999766
567860,directorial debut,0.13667015156,0.796187009072
567860,psychology,0.104293816417,0.59625989209
567860,quirky,0.10019219065,0.522392333197
567860,nudity (full frontal),0.0964709911236,0.732788997306
567860,mental illness,0.0829103925682,0.607410838674
567860,courtroom,0.0627957910153,0.273911995605
783317,based on a book,1.0,0.213751305903
1200586,violent,0.0824377830067,0.50337718167
1200586,slapstick,0.0362021909861,0.337014825895
1200586,gore,0.0270913688702,0.252200010948
1200586,hilarious,0.0209353238037,0.12988529624
1291683,alien invasion,0.253959937597,2.1753136891
1291683,inspirational,0.246040062403,2.25139958947
1703684,alien invasion,0.253959937597,2.1753136891
1703684,inspirational,0.246040062403,2.25139958947
1839848,based on a tv show,0.299040618506,6.30505058656
1839848,drugs,0.200959381494,1.29900950252
2428592,future,0.0086312654881,0.0613350371955
2428592,sci fi,0.00846739657766,0.0816937833917
2428592,artificial intelligence,0.00819662250803,0.0790813442566
2428592,sci-fi,0.00625786356904,0.028112557579
2428592,futuristic,0.0054897535025,0.0460900662055
2428592,robots,0.0051779705528,0.038819754741
2428592,action,0.00313097834182,0.0145778926267
2428592,book was better,0.00294846190412,0.0258913486502
2428592,dynamic cgi action,0.00229556449627,0.00480884822664
2428592,funny,0.00203570200703,4.58321829592
3065944,good romantic comedies,0.333333333333,0.321674436727
3065944,remake,0.00611674694343,0.0357074747845
3065944,sci-fi,0.00503290109428,0.028112557579
3065944,thriller,0.00483322795273,0.0316865503979
3065944,mindfuck,0.00464295180088,0.0408207592079
3065944,nudity (topless),0.00321956464979,0.94622788753
3065944,psychology,0.00308005192388,0.59625989209
3065944,surreal,0.00274389253456,0.0168049103977
3065944,boring,0.00120876604659,0.175232499787
3065944,comedy,0.0012059696447,0.0468520201007
3065944,fantasy,0.00120259610151,0.00775131428108
3065944,weird,0.00119608992833,0.00768203131428
3290366,funny,1.0,4.58321829592
3404068,colourful,1.0,9.41357504334
3404068,philip k. dick,0.0879513139554,0.660222760626
3404068,romance,0.0228998198184,0.428846545913
3404068,guilty pleasure,0.0217354363721,0.147521360648
3404068,revenge,0.0214211506636,1.87135523206
3404068,cute,0.0209583259939,0.128826397254
3404068,christmas,0.0205125566648,0.154179239758
3404068,nudity (topless - notable),0.0201797861016,0.717739901515
3404068,romantic,0.0199009581401,0.13530393173
3404068,british,0.0166702597662,0.103424319988
3404068,based on a book,0.0156275353811,0.213751305903
3404068,remake,0.00611674694343,0.0357074747845
3404068,sci-fi,0.00503290109428,0.028112557579
3404068,thriller,0.00483322795273,0.0316865503979
3404068,mindfuck,0.00464295180088,0.0408207592079
3404068,nudity (topless),0.00321956464979,0.94622788753
3404068,psychology,0.00308005192388,0.59625989209
3404068,surreal,0.00274389253456,0.0168049103977
3404068,boring,0.00120876604659,0.175232499787
3404068,comedy,0.0012059696447,0.0468520201007
3404068,fantasy,0.00120259610151,0.00775131428108
3404068,weird,0.00119608992833,0.00768203131428
3564177,based on a book,1.0,0.213751305903
3564177,serial killer,0.0195134450331,0.131213787827
3564177,surprise ending,0.0100032723839,0.0973868896863
3564177,mindfuck,0.00526935792592,0.0408207592079
3564177,unintentionally funny,0.00470173273319,0.0504754665123
3564177,thriller,0.00465247242869,0.0316865503979
3564177,claustrophobic,0.0044746319253,0.0480374250764
3564177,gothic,0.00393449946689,0.0279878704215
3564177,gory,0.00384198853669,0.0412456799926
3564177,horror,0.0038292667624,0.0284580475356
3564177,great movie,0.00339389364073,0.0234482572539
3564177,interesting,0.00305210582981,0.0187606490235
3599481,politics,1.0,7.30087491059
3599481,island,0.284666395737,2.79787570761
3599481,nudity (topless - notable),0.215333604263,0.717739901515
235118,fun movie,1.0,7.09887851768
377198,philip k. dick,0.0879513139554,0.660222760626
377198,revenge,0.0214211506636,1.87135523206
377198,based on a book,0.0156275353811,0.213751305903
468589,teen movie,0.105235284527,0.903524477513
468589,nudity (topless),0.0354530544477,0.94622788753
468589,teen,0.0297289299452,0.333788254068
468589,funny,0.0295827310797,4.58321829592
576594,espionage,1.0,7.44088238934
721557,espionage,1.0,7.44088238934
721557,violent,0.0824377830067,0.50337718167
721557,slapstick,0.0362021909861,0.337014825895
721557,gore,0.0270913688702,0.252200010948
721557,hilarious,0.0209353238037,0.12988529624
1493446,james bond,1.0,8.27607151959
1703334,remake,1.0,0.0357074747845
1703334,espionage,1.0,7.44088238934
1703334,revenge,0.302575416928,1.87135523206
1703334,alien invasion,0.253959937597,2.1753136891
1703334,inspirational,0.246040062403,2.25139958947
1703334,true story,0.197424583072,1.0164727153
1732460,alien invasion,0.253959937597,2.1753136891
1732460,inspirational,0.246040062403,2.25139958947
2223833,slasher,0.267815456909,2.29940672731
2223833,franchise,0.232184543091,1.51186350314
2695405,silly,0.292463390501,2.59635022522
2695405,nudity (topless),0.207536609499,0.94622788753
2745844,philip k. dick,0.0151558675137,0.660222760626
2745844,future,0.00653145994875,0.0613350371955
2745844,time travel,0.00290349741229,0.0188782018054
2745844,action,0.00155760273028,0.0145778926267
2745844,violence,0.00134313670648,0.00644654419102
2745844,literary adaptation,0.00133242354986,0.00965160990277
2745844,sci-fi,0.00131498602742,0.028112557579
2745844,murder,0.00126240762899,0.00771305092979
2745844,based on a book,0.00111754376958,0.213751305903
2745844,surreal,0.00100278409577,0.0168049103977
2745844,dystopia,0.000961049237564,0.00689385674005
2761370,politics,1.0,7.30087491059
2761370,cross dressing,1.0,8.10614651815
2761370,lesbian,0.0782911069971,0.530916018439
2761370,spying,0.0363473551043,0.319177277551
2761370,queer,0.0305582088226,0.249994087129
2761370,girlie movie,0.0220594681768,0.140308446732
2761370,comedy,0.0117508652636,0.0468520201007
2761370,chick flick,0.00330194481704,0.0186935038417
2761370,funny,0.00181546656771,4.58321829592
2761370,stupid as hell,0.0018038427457,0.0161518666606
2761370,guilty pleasure,0.00106581621007,0.147521360648
2761370,college,0.000950255229964,1.91050928985
2761370,cute,0.000900817119397,0.128826397254
2761370,funny as hell,0.000899705204621,0.0424097077443
2761370,bad,0.000899214712505,0.00805169750537
2761370,dumb but funny,0.000892485745317,1.69133156813
2761370,fun,0.000892434124355,0.00616012749914
2761370,dumb,0.000891065270084,0.00715976595656
2761370,murder,0.000862095125069,0.00771305092979
2761370,stupid,0.000710960080947,0.148154065327
2761370,overrated,0.000592717228229,0.163683072006
2761370,lawyers,0.000592606827058,0.00530628652393
